<?xml version="1.0" encoding="UTF-8"?>
<project-private xmlns="http://www.netbeans.org/ns/project-private/1">
    <editor-bookmarks xmlns="http://www.netbeans.org/ns/editor-bookmarks/2" lastBookmarkId="0"/>
    <open-files xmlns="http://www.netbeans.org/ns/projectui-open-files/2">
        <group name="PRJ301-FA23">
            <file>file:/C:/Users/ADMIN/OneDrive%20-%20vinhdeptrai/Netbeans%20Workspace/Tutor/GenericDAO/src/java/ClassThuatToan.java</file>
            <file>file:/C:/Users/ADMIN/OneDrive%20-%20vinhdeptrai/Netbeans%20Workspace/Tutor/GenericDAO/web/update.jsp</file>
        </group>
        <group name="PRJ301 - 4USER"/>
        <group name="Nahhh">
            <file>file:/D:/A_Lab211/bikipPRJ301/web/update.jsp</file>
            <file>file:/D:/A_Lab211/bikipPRJ301/web/login.jsp</file>
        </group>
    </open-files>
</project-private>
